<?xml version="1.0" encoding="UTF-8"?>
<!DOCTYPE mapper
        PUBLIC "-//mybatis.org//DTD Mapper 3.0//EN"
        "http://mybatis.org/dtd/mybatis-3-mapper.dtd">
<mapper namespace="com.tg.base.tb.mapper.TbQunManagerMapper">

    <resultMap id="BaseResultMap" type="com.tg.base.tb.entity.TbQunManager">
            <id property="tgQunId" column="tg_qun_id" jdbcType="VARCHAR"/>
            <result property="qunName" column="qun_name" jdbcType="VARCHAR"/>
            <result property="qunType" column="qun_type" jdbcType="INTEGER"/>
            <result property="qunUserName" column="qun_user_name" jdbcType="VARCHAR"/>
            <result property="createUser" column="create_user" jdbcType="VARCHAR"/>
            <result property="createTime" column="create_time" jdbcType="TIMESTAMP"/>
            <result property="updateUser" column="update_user" jdbcType="VARCHAR"/>
            <result property="updateTime" column="update_time" jdbcType="TIMESTAMP"/>
    </resultMap>

    <sql id="Base_Column_List">
        tg_qun_id,qun_name,
        qun_type,qun_user_name,
        create_user,create_time,update_user,
        update_time
    </sql>


</mapper>
