<?xml version="1.0" encoding="UTF-8"?>
<!DOCTYPE mapper
        PUBLIC "-//mybatis.org//DTD Mapper 3.0//EN"
        "http://mybatis.org/dtd/mybatis-3-mapper.dtd">
<mapper namespace="com.tg.bot.app.chbot.mapper.TbUserCunQuManagerMapper">

    <resultMap id="BaseResultMap" type="com.tg.bot.app.chbot.entity.TbUserCunQuManager">
            <id property="tgUserCunQuUuid" column="tg_user_cun_qu_uuid" jdbcType="VARCHAR"/>
            <result property="tgUserId" column="tg_user_id" jdbcType="VARCHAR"/>
            <result property="tgUserMsgId" column="tg_user_msg_id" jdbcType="INTEGER"/>
            <result property="kefuQunId" column="kefu_qun_id" jdbcType="VARCHAR"/>
            <result property="qunMsgId" column="qun_msg_id" jdbcType="INTEGER"/>
            <result property="bindId" column="bind_id" jdbcType="VARCHAR"/>
            <result property="cunQuType" column="cun_qu_type" jdbcType="INTEGER"/>
            <result property="cunAccountType" column="cun_account_type" jdbcType="INTEGER"/>
            <result property="cunCruUsdtAccountInfo" column="cun_cru_usdt_account_info" jdbcType="VARCHAR"/>
            <result property="cunCruHwAccountInfo" column="cun_cru_hw_account_info" jdbcType="VARCHAR"/>
            <result property="cunFileId" column="cun_file_id" jdbcType="VARCHAR"/>
            <result property="quAccountType" column="qu_account_type" jdbcType="INTEGER"/>
            <result property="quAmount" column="qu_amount" jdbcType="DOUBLE"/>
            <result property="quCruUsdtAccountInfo" column="qu_cru_usdt_account_info" jdbcType="VARCHAR"/>
            <result property="quCruHwAccountInfo" column="qu_cru_hw_account_info" jdbcType="VARCHAR"/>
            <result property="orderStatus" column="order_status" jdbcType="INTEGER"/>
            <result property="createUser" column="create_user" jdbcType="VARCHAR"/>
            <result property="createTime" column="create_time" jdbcType="TIMESTAMP"/>
            <result property="updateUser" column="update_user" jdbcType="VARCHAR"/>
            <result property="updateTime" column="update_time" jdbcType="TIMESTAMP"/>
    </resultMap>

    <sql id="Base_Column_List">
        tg_user_cun_qu_uuid,tg_user_id,tg_user_msg_id,
        kefu_qun_id,qun_msg_id,bind_id,
        cun_qu_type,cun_account_type,cun_cru_usdt_account_info,
        cun_cru_hw_account_info,cun_file_id,qu_account_type,
        qu_amount,qu_cru_usdt_account_info,qu_cru_hw_account_info,
        order_status,create_user,create_time,
        update_user,update_time
    </sql>
</mapper>
