<?xml version="1.0" encoding="UTF-8"?>
<!DOCTYPE mapper
        PUBLIC "-//mybatis.org//DTD Mapper 3.0//EN"
        "http://mybatis.org/dtd/mybatis-3-mapper.dtd">
<mapper namespace="com.tg.bot.app.chbot.mapper.TbUserExtInfoManagerMapper">

    <resultMap id="BaseResultMap" type="com.tg.bot.app.chbot.entity.TbUserExtInfoManager">
            <id property="tgUserId" column="tg_user_id" jdbcType="VARCHAR"/>
            <result property="bindId" column="bind_id" jdbcType="VARCHAR"/>
            <result property="quHwInfo" column="qu_hw_info" jdbcType="VARCHAR"/>
            <result property="quUsdtInfo" column="qu_usdt_info" jdbcType="VARCHAR"/>
            <result property="createUser" column="create_user" jdbcType="VARCHAR"/>
            <result property="createTime" column="create_time" jdbcType="TIMESTAMP"/>
            <result property="updateUser" column="update_user" jdbcType="VARCHAR"/>
            <result property="updateTime" column="update_time" jdbcType="TIMESTAMP"/>
    </resultMap>

    <sql id="Base_Column_List">
        tg_user_id,bind_id,qu_hw_info,
        qu_usdt_info,create_user,create_time,
        update_user,update_time
    </sql>
</mapper>
